Product_Name,month_idx,Actual_Avg_Price,Predicted_Avg_Price,Actual_Min_Price,Predicted_Min_Price,Actual_Max_Price,Predicted_Max_Price
Apple,9,192.4,237.29610000000008,130.0,161.28,330.0,324.6
Apple,10,255.0,259.6231,180.0,206.3,330.0,333.7
Arum,9,110.0,119.62950000000001,100.0,107.92,120.0,123.1
Arum,10,73.95,65.74890000000003,60.0,57.73,80.0,78.55
Avocado,9,325.0,172.3929,300.0,163.9,350.0,192.7
Avocado,10,325.0,330.9382,300.0,302.0,350.0,350.0
Banana_Green,9,194.91,183.59799999999998,180.0,160.1,230.0,208.6
Banana_Green,10,175.15,173.59619999999987,140.0,129.1,244.0,208.0
Beat_Chukunder,9,100.0,99.11210000000001,80.0,80.4,120.0,113.7
Beat_Chukunder,10,100.0,98.33139999999999,80.0,79.0,120.0,113.2
Bitter_Gourd,9,106.2,80.80190000000002,30.0,64.54,80.0,130.66
Bitter_Gourd,10,146.32,133.17760000000007,130.0,106.5,180.0,164.0
Bottle_Gourd,9,102.73,91.77930000000002,80.0,77.25,120.0,103.88
Bottle_Gourd,10,62.17,79.4646,40.0,46.34,100.0,104.38
Brinjal_Long,9,51.08,58.30810000000001,30.0,34.48,80.0,90.58
Brinjal_Long,10,43.4,59.59010000000003,30.0,39.25,70.0,80.3
Broad_Leaf_Mustard,9,82.78,96.38970000000003,40.0,55.61,120.0,140.56
Broad_Leaf_Mustard,10,88.4,75.18630000000002,60.0,61.9,120.0,115.04
Broccoli,9,172.37,253.18420000000003,120.0,162.55,250.0,310.0
Cabbage,9,55.0,61.088999999999984,50.0,60.92,60.0,59.4
Cabbage,10,61.16,60.55199999999999,40.0,39.85,90.0,91.03
Cabbage_Red,9,213.61,286.1653999999999,80.0,155.6,350.0,429.2
Cabbage_Red,10,90.23,166.8081999999999,60.0,95.0,200.0,303.3
Carrot,9,113.8,101.1437,100.0,93.97,150.0,144.3
Carrot,10,141.11,302.22090000000003,120.0,154.8,180.0,170.6
Cauliflower_Hill,9,78.86,89.55039999999997,15.0,31.79,120.0,165.08
Cauliflower_Hill,10,67.39,63.20280000000002,50.0,43.28,100.0,95.47
Chilly_Green,9,98.75,104.8527,60.0,60.05,150.0,151.8
Chilly_Green,10,125.0,122.99350000000003,100.0,99.25,150.0,155.1
Christophine,9,68.61,62.20370000000002,50.0,53.85,80.0,71.8
Christophine,10,35.0,42.62170000000001,30.0,37.6,40.0,42.9
Coconut,9,144.2,107.16320000000002,140.0,104.29,160.0,126.8
Coconut,10,155.0,155.34169999999997,150.0,146.9,160.0,163.8
Coriander_Green,9,536.0,201.2385,250.0,121.65,1000.0,446.7
Coriander_Green,10,348.68,419.4577000000001,100.0,190.6,900.0,872.5
Cow_Pea,9,78.0,107.66790000000012,40.0,51.53,180.0,199.87
Cow_Pea,10,138.95,111.99410000000002,90.0,63.0,230.0,194.1
Cucumber,9,53.0,97.5424,25.0,51.12,150.0,186.66
Cucumber,10,106.58,107.13569999999996,50.0,59.2,150.0,167.9
Dragon_Fruits,9,325.0,330.5949,300.0,300.5,350.0,353.0
Dragon_Fruits,10,325.0,319.75939999999997,300.0,296.1,350.0,341.0
French_Bean,9,82.5,91.78420000000004,50.0,44.46,180.0,167.44
French_Bean,10,160.0,131.71470000000005,120.0,99.25,200.0,175.8
Garlic_Green,9,194.0,175.49249999999995,150.0,143.8,250.0,241.6
Garlic_Green,10,281.58,325.2347,200.0,226.8,500.0,493.5
Ginger,9,113.8,100.1401,90.0,81.4,150.0,135.09
Ginger,10,100.26,99.86609999999997,80.0,78.62,130.0,126.53
Guava,9,201.73,198.6117,200.0,184.5,250.0,226.5
Guava,10,205.2,139.95120000000003,200.0,119.5,250.0,184.23
Khasa_Garlic_Dry,9,280.56,304.09550000000013,250.0,269.2,350.0,381.4
Khasa_Garlic_Dry,10,275.0,298.10200000000003,250.0,262.7,300.0,343.6
Kiwi,9,613.59,549.1636,300.0,340.7,800.0,759.0
Kiwi,10,599.0,288.12769999999983,350.0,195.2,800.0,411.1
Lemon,9,140.0,100.47720000000001,130.0,98.89,150.0,123.8
Lemon,10,121.84,141.7077,100.0,120.2,130.0,164.0
Malta,9,240.0,288.37160000000006,230.0,260.5,250.0,297.5
Malta,10,240.0,254.15939999999998,230.0,243.0,250.0,265.0
Mango,9,108.47,153.0589,60.0,102.67,180.0,221.0
Mango,10,135.2,196.78400000000002,80.0,166.47,180.0,246.21
Mushroom,9,185.0,101.94359999999995,150.0,91.07,200.0,170.23
Mushroom,10,199.74,164.15549999999982,150.0,137.8,250.0,230.6
Okara,9,53.4,58.02570000000006,30.0,42.01,90.0,92.06
Okara,10,148.85,137.21160000000003,130.0,110.5,180.0,161.1
Onion_Dry,9,46.5,70.89170000000001,40.0,59.57,60.0,80.7
Onion_Dry,10,43.68,42.125899999999994,35.0,35.27,50.0,46.9
Onion_Green,9,185.0,168.75,150.0,135.6,250.0,231.6
Onion_Green,10,202.63,257.7203,150.0,174.4,350.0,348.0
Orange,9,92.5,96.71190000000003,60.0,58.5,150.0,142.34
Orange_Sweet,9,110.0,111.48250000000002,100.0,105.2,120.0,126.05
Orange_Sweet,10,110.0,110.3404,100.0,99.6,120.0,117.8
Pine_Apple,9,140.0,107.04870000000001,130.0,103.89,150.0,126.8
Pine_Apple,10,165.0,157.5454,150.0,142.4,180.0,184.3
Pomegranate,9,325.0,316.11350000000004,300.0,278.0,350.0,344.5
Potato_R,9,44.21,40.705400000000004,35.0,33.55,50.0,47.05
Pumpkin,9,55.0,64.2228,50.0,61.22,60.0,55.7
Pumpkin,10,55.0,55.50560000000002,50.0,51.08,60.0,60.2
Pumpkin_Green,9,65.0,58.156200000000005,60.0,53.59,70.0,58.95
Pumpkin_Green,10,86.84,74.9701,70.0,55.86,120.0,117.17
Radish_Red,9,112.78,122.29449999999996,100.0,92.9,150.0,145.26
Radish_Red,10,110.0,110.01709999999999,100.0,96.05,120.0,126.4
Radish_White,9,42.28,48.9793,30.0,35.02,50.0,64.5
Sajiwan,9,265.0,262.15239999999994,250.0,234.2,280.0,295.0
Smooth_Gourd,9,54.66,85.2053,20.0,35.08,120.0,165.04
Smooth_Gourd,10,145.53,123.35950000000007,130.0,107.0,160.0,143.2
Spinach_Leaf,9,173.75,148.51519999999996,120.0,93.19,200.0,181.0
Spinach_Leaf,10,74.65,97.63269999999999,60.0,55.98,140.0,143.43
Squash,9,52.2,62.35579999999995,40.0,53.95,60.0,72.9
Squash,10,86.0,149.16609999999994,70.0,116.4,120.0,184.4
Sugarcane,9,350.07,607.3168000000001,160.0,200.9,220.0,234.2
Sugarcane,10,1645.0,1572.651,160.0,173.6,170.0,181.6
Sweet_Pepper,9,174.47,173.2094,130.0,132.1,230.0,225.3
Sweet_Pepper,10,140.0,104.01499999999999,130.0,100.42,150.0,122.1
Tomato_Small,9,50.82,83.34730000000003,35.0,123.68,65.0,76.34
Tomato_Small,10,91.55,75.28649999999999,57.0,65.33,122.0,102.22
Turnip,9,110.0,108.4,100.0,102.8,120.0,118.4
Watermelon,9,53.18,61.35670000000001,40.0,47.85,80.0,79.54
Watermelon,10,41.63,87.41980000000001,35.0,77.72,50.0,56.55
