Product_Name,month_idx,Actual_Min_Price_next,Predicted_Min_Price_next,Actual_Avg_Price_next,Predicted_Avg_Price_next,Actual_Max_Price_next,Predicted_Max_Price_next
Akabary_Chilly,1,300.0,280.96,628.57,429.28,900.0,613.11
Akabary_Chilly,2,300.0,361.44,555.56,603.6,800.0,670.7
Akabary_Chilly,3,300.0,339.77,439.77,612.57,500.0,612.57
Akabary_Chilly,4,400.0,390.47,450.0,612.3,500.0,612.3
Amala,1,100.0,68.85,111.25,68.85,120.0,189.63
Amala,2,100.0,97.84,110.0,101.46,120.0,157.35
Amala,3,100.0,94.04,110.0,108.0,120.0,117.52
Amala,4,80.0,83.36,90.0,91.68,100.0,105.31
Amala,5,80.0,86.6,93.14,96.21,150.0,143.12
Amala,6,80.0,78.94,96.11,105.82,150.0,153.16
Amala,7,80.0,88.45,135.0,128.05,150.0,149.94
Amala,8,140.0,137.72,145.0,151.78,150.0,151.78
Apple,1,130.0,133.56,289.86,287.1,330.0,342.43
Apple,2,130.0,168.0,237.81,252.46,330.0,362.17
Apple,3,180.0,165.96,255.0,237.95,330.0,318.64
Apple,4,180.0,189.12,255.0,239.48,330.0,313.79
Apple,5,180.0,199.05,255.0,249.62,330.0,327.02
Apple,6,225.0,206.31,255.0,277.48,330.0,324.2
Apple,7,225.0,214.14,255.0,271.53,330.0,340.36
Apple,8,225.0,232.36,255.0,267.72,330.0,341.88
Apple,9,225.0,234.97,266.3,265.32,350.0,346.72
Apple_Fuji,1,270.0,242.04,300.0,360.2,330.0,441.6
Apple_Fuji,2,270.0,252.09,300.0,281.93,330.0,319.2
Apple_Fuji,3,270.0,249.18,300.0,309.85,330.0,334.61
Apple_Fuji,4,270.0,263.12,300.0,300.66,330.0,334.98
Apple_Fuji,5,270.0,280.5,300.0,316.12,330.0,328.49
Apple_Fuji,6,270.0,280.5,300.0,315.03,330.0,325.43
Arum,1,100.0,96.9,110.0,111.44,120.0,111.44
Arum,2,60.0,63.78,70.0,76.35,80.0,85.9
Arum,3,60.0,69.11,65.26,72.2,80.0,95.42
Arum,4,60.0,53.71,73.95,73.47,80.0,73.47
Arum,5,60.0,60.61,70.0,73.06,80.0,79.26
Arum,6,60.0,58.28,70.0,67.47,80.0,74.46
Arum,7,60.0,62.11,70.0,66.8,80.0,85.45
Arum,8,60.0,56.46,69.09,65.9,80.0,79.05
Arum,9,60.0,53.78,65.0,73.08,70.0,86.58
Avocado,1,300.0,240.31,400.0,317.9,600.0,463.06
Avocado,2,300.0,297.84,325.0,347.14,350.0,436.84
Avocado,3,300.0,297.16,325.0,339.15,350.0,391.23
Avocado,4,300.0,293.64,325.0,320.37,350.0,336.64
Avocado,5,300.0,290.3,325.0,358.17,350.0,395.84
Avocado,6,300.0,304.54,325.0,358.15,350.0,369.22
Avocado,7,300.0,297.88,325.0,382.63,350.0,382.63
Avocado,8,300.0,311.29,721.43,479.21,1000.0,569.93
Avocado,9,650.0,291.87,757.61,321.8,800.0,451.48
Bakula,1,100.0,108.43,147.22,145.39,160.0,187.97
Bakula,2,80.0,85.11,100.91,105.98,120.0,132.59
Bakula,3,80.0,79.66,90.0,88.35,100.0,109.33
Bambooshoot,1,60.0,73.1,65.0,97.35,70.0,97.35
Bambooshoot,2,60.0,61.78,65.0,73.45,70.0,73.99
Bambooshoot,3,60.0,60.27,65.0,66.88,70.0,79.98
Bambooshoot,4,60.0,57.15,65.0,69.66,70.0,71.55
Bambooshoot,5,60.0,58.81,65.0,72.02,70.0,75.69
Bambooshoot,6,60.0,58.81,65.0,71.66,70.0,75.69
Banana,1,100.0,117.47,115.0,129.45,130.0,147.15
Banana,2,100.0,106.65,115.0,115.65,130.0,143.43
Banana,3,100.0,100.66,115.0,113.93,130.0,132.6
Banana,4,100.0,98.5,115.0,116.02,130.0,128.86
Banana,5,100.0,99.93,130.45,118.24,150.0,138.37
Banana,6,120.0,105.36,161.96,156.95,200.0,161.23
Banana_Green,1,120.0,105.13,140.0,143.93,160.0,147.92
Banana_Green,2,130.0,132.54,145.0,145.91,160.0,172.58
Banana_Green,3,130.0,135.83,145.0,147.24,160.0,167.33
Banana_Green,4,130.0,140.92,145.0,171.15,160.0,178.89
Banana_Green,5,130.0,131.17,154.55,166.76,200.0,187.85
Banana_Green,6,140.0,141.05,197.86,183.08,230.0,213.09
Banana_Green,7,180.0,154.85,205.0,184.93,230.0,225.42
Banana_Green,8,180.0,169.82,194.91,187.36,230.0,232.03
Banana_Green,9,140.0,119.04,175.15,192.64,244.0,241.34
Barela,1,150.0,162.51,180.63,212.62,200.0,241.8
Barela,2,80.0,85.55,117.89,128.29,1200.0,623.3
Barela,3,80.0,87.34,97.89,158.16,120.0,313.95
Barela,4,80.0,83.31,95.81,92.95,120.0,152.99
Barela,5,80.0,74.02,103.71,100.36,120.0,113.87
Barela,6,80.0,78.27,101.67,101.04,120.0,135.18
Barela,7,80.0,81.1,99.55,96.74,120.0,111.55
Barela,8,80.0,78.07,100.0,97.36,120.0,113.55
Bayar,2,100.0,70.1,110.0,70.1,120.0,174.69
Bayar,3,100.0,101.77,110.0,110.13,120.0,115.46
Bayar,4,100.0,99.66,110.0,110.45,120.0,126.09
Bayar,5,100.0,99.89,110.0,118.61,120.0,133.73
Bayar,6,100.0,100.09,110.0,108.09,120.0,108.92
Beat_Chukunder,1,80.0,77.01,131.11,120.01,150.0,140.22
Beat_Chukunder,2,80.0,85.15,100.0,103.46,120.0,126.1
Beat_Chukunder,3,80.0,84.46,100.0,102.41,120.0,127.8
Beat_Chukunder,4,80.0,77.84,100.0,97.54,120.0,122.72
Beat_Chukunder,5,80.0,77.58,100.0,97.57,120.0,114.69
Beat_Chukunder,6,80.0,81.06,100.0,99.83,120.0,119.53
Beat_Chukunder,7,80.0,79.03,100.0,97.97,120.0,119.29
Beat_Chukunder,8,80.0,79.97,100.0,100.06,120.0,127.45
Beat_Chukunder,9,80.0,71.86,100.0,96.75,120.0,141.57
Bitter_Gourd,1,25.0,34.08,68.13,80.58,80.0,111.68
Bitter_Gourd,2,80.0,81.67,112.5,106.31,150.0,126.45
Bitter_Gourd,3,100.0,94.35,136.84,127.22,180.0,200.77
Bitter_Gourd,4,130.0,118.76,146.32,139.8,180.0,169.92
Bitter_Gourd,5,130.0,127.62,140.0,140.7,150.0,155.75
Bitter_Gourd,6,130.0,123.66,192.29,172.41,250.0,226.18
Bitter_Gourd,7,180.0,173.16,207.22,204.62,250.0,236.76
Bitter_Gourd,8,130.0,136.82,172.5,166.78,220.0,229.12
Bitter_Gourd,9,30.0,89.85,65.0,124.85,140.0,189.38
Bottle_Gourd,1,40.0,41.49,51.13,59.57,100.0,89.65
Bottle_Gourd,2,60.0,71.19,94.38,107.17,140.0,133.23
Bottle_Gourd,3,100.0,95.74,115.26,113.75,140.0,147.56
Bottle_Gourd,4,80.0,79.57,109.21,102.14,130.0,125.38
Bottle_Gourd,5,80.0,84.29,90.0,101.07,100.0,112.38
Bottle_Gourd,6,80.0,77.14,90.0,92.7,100.0,108.87
Bottle_Gourd,7,80.0,76.47,90.0,91.87,100.0,105.53
Bottle_Gourd,8,80.0,74.78,102.73,99.4,120.0,110.99
Bottle_Gourd,9,40.0,70.84,62.17,91.94,100.0,120.1
Brinjal_Gland,1,80.0,83.45,95.0,87.32,120.0,88.12
Brinjal_Gland,2,80.0,71.36,107.89,95.72,120.0,111.27
Brinjal_Gland,3,80.0,75.21,90.0,94.93,100.0,94.93
Brinjal_Long,1,30.0,32.37,51.08,57.12,80.0,105.16
Brinjal_Long,2,60.0,65.51,88.75,96.29,120.0,122.12
Brinjal_Long,3,60.0,60.81,90.0,90.15,120.0,119.78
Brinjal_Long,4,80.0,78.6,130.26,114.82,150.0,144.07
Brinjal_Long,5,80.0,81.26,90.0,98.78,100.0,117.89
Brinjal_Long,6,60.0,66.67,91.14,93.82,120.0,114.13
Brinjal_Long,7,60.0,67.09,92.22,93.34,120.0,112.18
Brinjal_Long,8,80.0,73.49,90.0,91.35,100.0,100.58
Brinjal_Long,9,60.0,69.54,81.3,91.12,100.0,113.77
Broad_Leaf_Mustard,1,40.0,49.48,82.78,79.15,120.0,127.17
Broad_Leaf_Mustard,2,100.0,95.31,146.88,143.32,200.0,183.77
Broad_Leaf_Mustard,3,60.0,69.53,90.53,101.5,120.0,126.56
Broad_Leaf_Mustard,4,60.0,58.34,122.63,110.4,140.0,136.5
Broad_Leaf_Mustard,5,40.0,45.97,60.91,69.6,80.0,90.24
Broad_Leaf_Mustard,6,25.0,29.77,50.86,56.27,70.0,69.18
Broad_Leaf_Mustard,7,20.0,18.52,26.81,30.92,35.0,44.42
Broad_Leaf_Mustard,8,40.0,39.33,101.36,82.05,120.0,106.75
Broad_Leaf_Mustard,9,40.0,44.29,64.78,78.99,100.0,117.68
Broccoli,1,150.0,210.0,206.88,210.0,350.0,290.64
Broccoli,2,200.0,198.68,265.13,326.49,350.0,387.75
Broccoli,3,120.0,130.1,172.37,205.51,250.0,272.96
Broccoli,4,100.0,91.12,132.95,148.65,150.0,148.65
Broccoli,5,40.0,37.62,84.57,99.53,150.0,143.16
Broccoli,6,50.0,48.27,113.86,94.52,200.0,178.21
Broccoli,7,60.0,55.97,78.26,92.98,120.0,123.68
Broccoli,8,40.0,37.72,56.67,65.64,80.0,87.58
Cabbage,1,15.0,29.03,46.01,31.35,60.0,98.75
Cabbage,2,50.0,49.15,80.63,77.18,120.0,160.12
Cabbage,3,60.0,63.68,79.47,79.92,100.0,99.72
Cabbage,4,40.0,40.38,61.16,64.88,90.0,97.93
Cabbage,5,30.0,31.17,42.5,45.93,60.0,67.76
Cabbage,6,30.0,30.28,46.36,48.59,70.0,68.26
Cabbage,7,30.0,23.85,41.67,39.65,60.0,66.71
Cabbage,8,25.0,20.54,37.73,37.15,60.0,61.07
Cabbage,9,25.0,26.32,37.39,47.24,60.0,88.03
Cabbage_Red,1,180.0,162.55,169.86,186.35,300.0,279.45
Cabbage_Red,2,500.0,310.45,550.0,396.37,600.0,461.01
Cabbage_Red,3,200.0,229.49,350.0,372.69,600.0,512.99
Cabbage_Red,4,200.0,211.12,265.79,271.07,400.0,433.16
Cabbage_Red,5,200.0,187.28,250.0,245.98,300.0,303.42
Cabbage_Red,6,80.0,92.87,250.57,224.96,350.0,276.37
Cabbage_Red,7,80.0,67.37,213.61,186.08,350.0,322.69
Cabbage_Red,8,60.0,73.04,90.23,153.46,200.0,305.25
Cabbage_Red,9,60.0,49.79,77.83,49.79,100.0,153.76
Carrot,1,40.0,50.44,82.78,87.12,150.0,171.55
Carrot,2,120.0,127.81,146.88,147.51,180.0,216.79
Carrot,3,120.0,112.05,149.0,141.36,180.0,215.23
Carrot,4,120.0,114.78,141.11,133.31,180.0,183.87
Carrot,5,60.0,77.79,88.86,103.35,130.0,149.92
Carrot,6,40.0,46.28,60.71,73.06,80.0,99.09
Carrot,7,40.0,33.21,56.11,55.14,80.0,87.15
Carrot,8,30.0,28.36,45.91,48.45,60.0,58.45
Carrot,9,30.0,15.91,46.74,43.2,70.0,48.93
Cauliflower_Hill,1,60.0,43.27,83.06,77.2,150.0,179.79
Cauliflower_Hill,2,100.0,98.93,148.13,146.06,200.0,197.21
Cauliflower_Hill,3,120.0,109.32,138.42,137.16,180.0,148.34
Cauliflower_Hill,4,60.0,74.87,98.42,104.73,150.0,156.34
Cauliflower_Hill,5,60.0,55.21,85.91,89.92,140.0,135.35
Cauliflower_Hill,6,10.0,23.78,52.36,72.83,140.0,137.47
Cauliflower_Hill,7,10.0,24.45,37.5,54.57,70.0,100.39
Cauliflower_Hill,8,15.0,20.45,78.86,75.07,120.0,117.19
Cauliflower_Hill,9,50.0,42.01,67.39,81.92,100.0,144.68
Chilly_Green,1,60.0,47.61,98.75,90.32,150.0,105.2
Chilly_Green,2,120.0,110.62,142.5,135.87,180.0,169.26
Chilly_Green,3,120.0,112.16,135.79,130.73,180.0,165.25
Chilly_Green,4,100.0,96.52,125.53,124.01,150.0,140.32
Chilly_Green,5,100.0,98.55,125.0,132.95,150.0,202.68
Chilly_Green,6,100.0,100.82,165.43,159.73,220.0,213.99
Chilly_Green,7,150.0,162.82,197.78,198.47,220.0,227.0
Chilly_Green,8,130.0,127.06,174.32,169.72,220.0,213.17
Chilly_Green,9,100.0,123.0,130.22,142.23,180.0,195.23
Christophine,1,50.0,61.77,68.61,74.04,80.0,148.69
Christophine,2,40.0,43.65,51.88,59.55,60.0,59.55
Christophine,3,30.0,35.86,35.53,40.32,50.0,59.77
Christophine,4,30.0,29.46,35.0,38.21,40.0,38.21
Christophine,5,30.0,29.36,35.0,35.96,40.0,122.17
Christophine,6,30.0,31.62,63.0,57.25,80.0,73.56
Christophine,7,60.0,62.03,70.0,76.23,80.0,86.67
Christophine,8,60.0,63.67,65.0,70.76,70.0,80.58
Christophine,9,60.0,49.73,65.0,49.73,70.0,49.73
Coconut,1,140.0,126.15,141.67,153.88,160.0,181.12
Coconut,2,150.0,145.4,155.0,155.33,160.0,160.54
Coconut,3,150.0,153.08,155.0,177.21,160.0,177.21
Coconut,4,150.0,147.67,155.0,152.85,160.0,162.84
Coconut,5,150.0,145.84,155.0,152.57,160.0,154.36
Coconut,6,150.0,146.86,155.0,165.92,160.0,165.92
Coconut,7,150.0,148.64,155.0,169.82,160.0,169.82
Coconut,8,150.0,147.38,155.0,169.21,160.0,169.21
Coconut,9,150.0,147.0,155.0,171.31,160.0,173.23
Coriander_Green,1,100.0,99.35,336.11,246.79,1000.0,709.9
Coriander_Green,2,300.0,280.32,531.25,636.53,1000.0,779.37
Coriander_Green,3,200.0,163.01,403.95,331.19,800.0,640.12
Coriander_Green,4,100.0,136.29,348.68,538.53,900.0,756.5
Coriander_Green,5,100.0,107.43,135.23,178.4,200.0,345.51
Coriander_Green,6,20.0,41.5,59.29,118.65,150.0,185.71
Coriander_Green,7,20.0,28.34,35.56,30.44,60.0,81.96
Coriander_Green,8,30.0,29.91,102.05,86.78,250.0,184.18
Coriander_Green,9,50.0,60.27,128.26,170.29,250.0,368.95
Cow_Pea,1,30.0,35.1,68.47,82.96,180.0,187.3
Cow_Pea,2,130.0,113.48,165.31,153.04,220.0,204.0
Cow_Pea,3,80.0,87.55,128.95,133.27,200.0,222.82
Cow_Pea,4,90.0,97.78,138.95,137.67,230.0,216.08
Cow_Pea,5,80.0,84.94,115.0,124.82,150.0,170.27
Cow_Pea,6,80.0,82.82,128.64,131.02,150.0,160.13
Cow_Pea,7,130.0,121.8,140.0,132.82,150.0,148.88
Cow_Pea,8,130.0,127.14,166.67,165.64,200.0,192.7
Cow_Pea,9,60.0,96.61,91.3,114.99,160.0,120.01
Cress_Leaf,2,80.0,113.92,128.95,135.69,200.0,185.88
Cucumber,1,25.0,33.31,71.11,82.75,150.0,184.38
Cucumber,2,60.0,67.85,109.06,108.69,150.0,174.06
Cucumber,3,60.0,67.43,104.74,113.9,150.0,142.36
Cucumber,4,50.0,52.06,106.58,99.93,150.0,127.94
Cucumber,5,50.0,48.53,91.14,94.83,150.0,143.26
Cucumber,6,60.0,62.44,123.71,118.23,150.0,142.46
Cucumber,7,60.0,63.98,122.5,121.15,150.0,142.5
Cucumber,8,40.0,51.3,71.82,87.52,100.0,111.13
Cucumber,9,40.0,49.39,74.78,80.02,120.0,134.12
Dragon_Fruits,1,300.0,274.75,386.0,361.12,450.0,447.74
Dragon_Fruits,2,300.0,292.35,350.0,348.68,400.0,373.03
Dragon_Fruits,3,300.0,297.64,350.0,364.24,400.0,364.24
Dragon_Fruits,4,300.0,296.03,350.0,371.97,400.0,402.49
Dragon_Fruits,5,300.0,295.08,329.55,305.58,400.0,380.22
Dragon_Fruits,6,300.0,294.4,325.0,315.69,350.0,361.36
Dragon_Fruits,7,300.0,311.37,325.0,321.39,350.0,365.88
Dragon_Fruits,8,300.0,314.11,325.0,376.55,350.0,402.8
Dragon_Fruits,9,300.0,324.83,325.0,450.73,350.0,505.54
French_Bean,1,50.0,45.63,82.5,99.37,180.0,162.12
French_Bean,2,130.0,121.11,159.38,142.22,200.0,196.86
French_Bean,3,80.0,90.32,131.05,132.9,200.0,191.0
French_Bean,4,120.0,109.05,160.0,148.89,200.0,191.68
French_Bean,5,80.0,78.12,133.18,130.56,160.0,160.13
French_Bean,6,60.0,62.64,128.14,120.18,180.0,180.55
French_Bean,7,60.0,57.59,104.72,115.46,180.0,185.56
French_Bean,8,60.0,62.23,117.95,121.24,150.0,158.96
French_Bean,9,60.0,56.39,108.91,89.84,150.0,171.7
Garlic_Dry,1,130.0,133.59,178.54,176.6,250.0,224.47
Garlic_Dry,2,180.0,232.59,211.88,272.49,230.0,276.22
Garlic_Dry,3,180.0,181.89,190.0,209.57,200.0,230.62
Garlic_Dry,4,180.0,174.7,190.0,189.07,200.0,189.07
Garlic_Dry,5,180.0,189.98,190.0,198.73,200.0,198.73
Garlic_Green,1,100.0,115.66,177.43,178.89,250.0,269.16
Garlic_Green,2,200.0,213.19,225.0,264.51,250.0,291.98
Garlic_Green,3,250.0,233.24,331.58,295.11,500.0,424.71
Garlic_Green,4,200.0,215.8,281.58,298.99,500.0,506.81
Garlic_Green,5,150.0,167.31,219.32,216.36,500.0,448.34
Garlic_Green,6,60.0,70.05,120.71,101.18,250.0,312.21
Garlic_Green,7,60.0,71.32,93.16,98.92,150.0,124.4
Garlic_Green,8,60.0,63.9,70.0,78.21,80.0,116.88
Garlic_Green,9,60.0,43.93,70.0,69.76,80.0,147.73
Ginger,1,80.0,65.97,112.15,101.33,150.0,182.59
Ginger,2,80.0,83.87,116.25,117.43,150.0,196.99
Ginger,3,80.0,79.09,105.0,99.61,130.0,178.95
Ginger,4,80.0,78.89,100.26,111.76,130.0,126.36
Ginger,5,80.0,83.21,100.0,108.86,120.0,144.93
Ginger,6,80.0,80.87,100.0,98.05,120.0,137.61
Ginger,7,80.0,76.31,100.0,101.61,120.0,148.17
Ginger,8,80.0,81.42,103.18,104.43,120.0,150.55
Ginger,9,80.0,83.22,110.43,109.11,150.0,109.11
Grapes,1,160.0,91.68,179.57,91.68,200.0,240.54
Grapes,6,180.0,187.92,200.0,386.86,220.0,386.86
Grapes,7,180.0,194.36,200.0,338.69,220.0,338.69
Green_Peas,1,250.0,169.24,291.67,286.6,300.0,286.6
Green_Peas,2,200.0,201.24,264.74,265.44,300.0,303.96
Green_Peas,3,160.0,173.7,184.74,193.66,250.0,283.63
Green_Peas,4,130.0,132.11,152.73,153.07,180.0,177.1
Green_Peas,5,50.0,50.81,88.43,102.49,140.0,177.29
Green_Peas,6,50.0,52.25,65.28,88.5,100.0,109.8
Green_Peas,7,50.0,42.81,96.36,85.92,130.0,118.35
Green_Peas,8,100.0,91.33,110.87,96.79,130.0,101.97
Guava,1,200.0,178.95,201.73,212.06,250.0,285.45
Guava,2,180.0,167.34,190.0,167.34,200.0,203.2
Guava,3,180.0,174.21,190.0,191.99,200.0,209.97
Guava,4,100.0,122.62,131.05,137.01,200.0,189.47
Guava,5,100.0,114.97,110.0,123.35,120.0,134.36
Guava,6,100.0,97.36,110.0,131.64,120.0,132.3
Guava,7,100.0,106.1,110.0,124.79,120.0,139.25
Guava,8,100.0,103.19,163.18,153.82,200.0,171.86
Guava,9,150.0,154.45,180.22,158.6,200.0,193.21
Gundruk,1,300.0,210.88,302.63,210.88,400.0,297.16
Gundruk,2,300.0,293.86,300.0,316.66,300.0,328.04
Gundruk,3,300.0,301.7,350.0,372.82,400.0,381.42
Gundruk,4,300.0,299.96,300.0,344.67,300.0,344.67
Gundruk,5,300.0,290.28,300.0,322.42,300.0,322.42
Gundruk,6,300.0,283.48,300.0,386.59,300.0,386.59
Gundruk,7,300.0,285.5,300.0,405.09,300.0,405.09
Gundruk,8,300.0,283.67,300.0,283.67,300.0,339.7
Haluwabed,2,250.0,233.62,287.5,698.47,300.0,698.47
Haluwabed,3,300.0,284.2,300.0,392.54,300.0,392.54
Haluwabed,4,300.0,270.77,300.0,311.27,300.0,311.27
Haluwabed,5,300.0,299.61,300.0,322.04,300.0,322.04
Haluwabed,6,300.0,271.49,300.0,271.49,300.0,343.81
Haluwabed,7,300.0,300.39,300.0,333.25,300.0,333.25
Jack_Fruit,1,30.0,26.27,35.0,28.52,40.0,46.81
Jack_Fruit,2,40.0,21.31,45.0,35.68,50.0,42.26
Jack_Fruit,6,80.0,-13.67,90.0,-13.67,100.0,85.01
Khasa_Garlic_Dry,1,200.0,191.15,243.66,233.48,320.0,310.96
Khasa_Garlic_Dry,2,230.0,227.97,240.0,259.66,250.0,283.02
Khasa_Garlic_Dry,3,230.0,213.13,240.0,230.09,250.0,260.86
Khasa_Garlic_Dry,4,200.0,229.05,240.79,235.42,280.0,300.61
Khasa_Garlic_Dry,5,260.0,233.99,377.5,287.93,500.0,387.56
Khasa_Garlic_Dry,6,210.0,220.86,300.29,297.69,500.0,465.63
Khasa_Garlic_Dry,7,250.0,240.97,280.56,259.73,350.0,346.22
Khasa_Garlic_Dry,8,250.0,255.68,275.0,281.41,300.0,307.42
Khasa_Garlic_Dry,9,200.0,235.08,233.7,290.29,300.0,305.63
Kiwi,1,300.0,264.45,613.59,407.46,800.0,609.2
Kiwi,2,350.0,355.37,375.0,522.49,400.0,550.84
Kiwi,3,350.0,360.97,375.0,635.91,400.0,635.91
Kiwi,4,350.0,352.66,375.0,565.64,400.0,565.64
Kiwi,5,250.0,212.48,325.0,212.48,400.0,401.18
Kiwi,6,250.0,283.71,275.0,289.57,300.0,335.0
Kiwi,7,250.0,256.47,275.0,371.47,300.0,371.47
Kiwi,8,250.0,255.48,336.36,340.25,400.0,376.76
Kiwi,9,300.0,260.54,350.0,268.23,400.0,371.83
Kurilo,1,400.0,309.64,405.63,342.8,500.0,448.31
Kurilo,2,400.0,383.07,450.0,383.07,500.0,497.55
Kurilo,3,400.0,392.18,450.0,418.66,500.0,476.43
Kurilo,4,400.0,384.97,450.0,384.97,500.0,498.49
Kurilo,5,400.0,383.23,450.0,383.23,500.0,515.48
Kurilo,6,400.0,349.85,450.0,349.85,500.0,524.18
Kurilo,7,400.0,349.85,450.0,349.85,500.0,524.18
Lemon,1,130.0,123.54,173.33,182.21,280.0,226.44
Lemon,2,150.0,155.44,165.0,200.23,180.0,200.57
Lemon,3,120.0,122.91,146.58,152.7,180.0,178.82
Lemon,4,100.0,107.58,121.84,133.88,130.0,137.74
Lemon,5,100.0,103.0,110.0,128.7,120.0,137.36
Lemon,6,100.0,96.6,202.0,166.39,320.0,252.98
Lemon,7,200.0,182.95,268.89,254.88,320.0,365.57
Lemon,8,260.0,224.41,309.32,253.38,350.0,330.6
Lemon,9,250.0,164.22,363.04,186.16,450.0,325.36
Malta,1,200.0,201.17,235.0,264.14,250.0,264.14
Malta,2,230.0,244.62,240.0,262.49,250.0,265.93
Malta,3,230.0,218.22,240.0,239.55,250.0,239.55
Malta,4,230.0,251.32,240.0,252.15,250.0,270.0
Malta,5,230.0,242.27,240.0,242.27,250.0,293.61
Malta,6,230.0,252.86,240.0,265.24,250.0,291.5
Malta,7,300.0,268.19,300.0,273.91,300.0,291.58
Malta,8,230.0,232.56,240.0,282.07,250.0,282.07
Malta,9,230.0,258.94,240.0,258.94,250.0,312.97
Mango,1,60.0,119.76,108.47,146.25,180.0,198.38
Mango,2,250.0,222.12,268.13,247.59,300.0,261.39
Mango,3,280.0,223.76,290.0,263.88,300.0,287.36
Mango,4,280.0,256.63,290.0,308.43,300.0,318.58
Mango,5,280.0,290.58,323.64,312.71,500.0,441.1
Mango,6,350.0,335.83,400.71,377.77,500.0,465.27
Mango,7,350.0,351.71,375.0,377.8,400.0,408.36
Mango,8,350.0,341.99,375.0,399.43,400.0,439.76
Mango,9,150.0,313.81,198.26,345.57,250.0,461.43
Mombin,1,150.0,210.0,150.0,210.0,150.0,240.79
Mombin,2,70.0,145.64,110.53,151.92,150.0,214.23
Mombin,3,70.0,94.98,88.95,103.33,100.0,103.33
Mombin,4,100.0,97.67,100.0,97.67,100.0,99.75
Mombin,5,100.0,85.98,100.0,151.76,100.0,151.76
Mushroom,1,150.0,143.79,185.9,188.18,220.0,233.17
Mushroom,2,120.0,129.56,160.31,168.95,220.0,213.16
Mushroom,3,150.0,142.38,167.63,177.49,200.0,217.34
Mushroom,4,150.0,142.61,199.74,175.63,250.0,231.96
Mushroom,5,150.0,135.8,186.36,178.0,220.0,219.12
Mushroom,6,70.0,84.23,122.71,126.66,180.0,179.69
Mushroom,7,70.0,81.1,134.44,160.28,180.0,204.86
Mushroom,8,140.0,119.82,205.23,179.49,250.0,221.4
Mushroom,9,180.0,115.14,219.35,170.02,250.0,207.84
Okara,1,30.0,24.08,62.36,66.08,90.0,124.81
Okara,2,80.0,78.52,145.94,123.82,200.0,182.51
Okara,3,100.0,103.6,135.53,149.78,200.0,192.82
Okara,4,130.0,120.82,148.85,137.03,180.0,174.83
Okara,5,130.0,130.78,149.55,153.04,160.0,161.5
Okara,6,100.0,106.43,147.0,155.1,180.0,183.59
Okara,7,100.0,108.94,142.78,148.42,150.0,154.12
Okara,8,120.0,119.98,143.86,146.46,180.0,174.76
Okara,9,40.0,103.53,85.22,116.21,140.0,139.94
Onion_Dry,1,40.0,36.04,47.33,39.43,60.0,60.48
Onion_Dry,2,35.0,29.59,42.5,46.45,50.0,60.13
Onion_Dry,3,35.0,41.46,43.68,46.72,50.0,49.6
Onion_Dry,4,30.0,31.53,41.97,43.07,60.0,64.86
Onion_Dry,5,40.0,35.59,51.7,47.44,70.0,63.03
Onion_Dry,6,38.0,35.09,50.83,49.4,70.0,61.52
Onion_Dry,7,38.0,42.34,49.68,52.16,60.0,72.58
Onion_Dry,8,30.0,36.47,39.05,44.03,60.0,57.67
Onion_Dry,9,40.0,32.66,45.0,45.4,50.0,71.75
Onion_Green,1,80.0,96.48,155.0,164.0,250.0,273.65
Onion_Green,2,200.0,168.59,304.69,259.27,400.0,353.44
Onion_Green,3,200.0,199.86,286.84,292.34,400.0,390.66
Onion_Green,4,150.0,145.18,202.63,196.45,350.0,334.13
Onion_Green,5,100.0,96.03,150.0,188.12,200.0,218.33
Onion_Green,6,50.0,49.53,107.29,99.15,150.0,159.09
Onion_Green,7,50.0,44.57,94.44,92.44,150.0,131.43
Onion_Green,8,30.0,43.89,47.27,63.49,60.0,90.48
Onion_Green,9,30.0,42.57,39.78,69.1,60.0,110.13
Orange,1,140.0,205.96,242.54,280.94,350.0,344.81
Orange,3,80.0,119.67,101.35,119.67,120.0,153.75
Orange,4,70.0,61.57,93.71,111.84,120.0,132.11
Orange,5,60.0,63.51,92.5,109.35,150.0,160.7
Orange,6,70.0,62.44,170.43,154.73,220.0,186.84
Orange,7,150.0,164.32,185.0,203.12,220.0,235.17
Orange,8,140.0,144.36,164.55,173.09,220.0,219.85
Orange,9,140.0,157.51,209.57,186.94,300.0,227.53
Orange_Sweet,1,100.0,139.7,110.0,152.24,120.0,156.08
Orange_Sweet,2,100.0,100.67,110.0,101.1,120.0,111.66
Orange_Sweet,3,100.0,126.64,110.0,131.11,120.0,131.11
Orange_Sweet,4,100.0,95.4,110.0,119.85,120.0,139.17
Orange_Sweet,5,100.0,96.1,110.0,128.76,120.0,128.76
Orange_Sweet,6,100.0,92.8,110.0,102.65,120.0,122.53
Orange_Sweet,7,100.0,83.44,110.0,101.21,120.0,124.46
Orange_Sweet,8,100.0,85.05,110.0,93.41,120.0,111.92
Orange_Sweet,9,100.0,97.56,110.0,124.69,120.0,124.69
Papaya,1,60.0,64.93,86.11,82.08,120.0,100.41
Papaya,2,80.0,87.22,90.0,98.88,100.0,106.04
Papaya,3,80.0,83.32,90.0,90.02,100.0,103.38
Papaya,9,100.0,36.82,100.0,36.82,100.0,178.17
Pear,1,50.0,69.18,55.0,79.37,60.0,112.29
Pear,2,50.0,82.24,55.0,82.24,60.0,103.5
Pear,3,200.0,152.3,205.0,152.3,210.0,167.78
Pear,5,200.0,180.38,205.0,180.38,210.0,194.05
Pear,6,200.0,193.65,205.0,214.16,210.0,216.33
Pear,7,200.0,218.29,205.0,250.99,210.0,250.99
Pear,8,200.0,199.35,205.0,292.06,210.0,292.06
Pear_China,1,200.0,207.34,205.0,278.04,210.0,278.04
Pear_China,2,200.0,208.59,205.0,292.19,210.0,292.19
Pine_Apple,1,130.0,122.15,165.28,154.94,200.0,190.5
Pine_Apple,2,150.0,142.71,165.0,149.49,180.0,162.97
Pine_Apple,3,150.0,144.34,165.0,160.56,180.0,175.87
Pine_Apple,4,150.0,145.2,165.0,161.21,180.0,182.96
Pine_Apple,5,150.0,143.33,165.0,155.79,180.0,186.99
Pine_Apple,6,130.0,130.12,145.0,143.99,180.0,180.53
Pine_Apple,7,130.0,136.0,140.0,154.9,150.0,165.08
Pine_Apple,8,130.0,131.23,165.91,162.65,200.0,196.2
Pine_Apple,9,150.0,124.87,188.91,134.3,250.0,177.92
Pointed_Gourd,1,50.0,48.89,76.04,75.06,100.0,93.19
Pointed_Gourd,2,120.0,101.0,145.31,127.31,200.0,164.41
Pointed_Gourd,3,100.0,103.83,135.53,142.5,150.0,164.87
Pointed_Gourd,4,100.0,109.31,112.11,118.32,140.0,147.83
Pointed_Gourd,5,120.0,114.01,130.0,125.7,140.0,133.89
Pointed_Gourd,7,100.0,48.35,151.67,48.35,200.0,189.76
Pointed_Gourd,8,100.0,100.56,119.55,118.51,150.0,157.47
Pomegranate,2,250.0,257.57,300.0,257.57,350.0,320.55
Pomegranate,3,250.0,242.73,300.0,284.32,350.0,320.3
Pomegranate,4,250.0,264.28,300.0,295.92,350.0,346.01
Pomegranate,5,250.0,271.6,309.09,296.65,350.0,367.91
Pomegranate,6,300.0,285.54,325.0,309.52,350.0,358.01
Pomegranate,7,300.0,286.47,325.0,340.24,350.0,346.37
Pomegranate,8,300.0,296.42,325.0,343.76,350.0,362.68
Pomegranate,9,300.0,300.07,325.0,340.97,350.0,369.9
Potato_Blue,1,40.0,72.77,45.0,72.77,50.0,96.72
Potato_Blue,2,40.0,32.57,45.0,41.37,50.0,49.77
Potato_Blue,3,40.0,37.54,45.0,41.4,50.0,44.76
Potato_Blue,4,40.0,37.54,45.0,40.8,50.0,44.63
Potato_Blue,5,40.0,36.0,43.47,40.69,50.0,44.97
Potato_R,1,32.0,23.05,37.95,41.16,45.0,53.6
Potato_R,2,35.0,31.73,37.5,35.37,40.0,42.22
Potato_R,3,35.0,34.17,44.21,41.44,50.0,46.37
Potato_R,4,35.0,30.75,41.84,36.7,50.0,48.48
Potato_R,5,30.0,25.92,35.0,33.69,40.0,33.69
Potato_R,6,30.0,28.52,35.0,31.51,40.0,36.55
Potato_R,7,30.0,25.33,33.3,34.49,40.0,38.85
Potato_R,8,30.0,27.75,32.5,33.24,35.0,46.14
Potato_W,1,35.0,58.04,37.5,58.04,40.0,58.04
Potato_W,2,35.0,43.46,44.21,52.6,50.0,79.93
Potato_W,3,30.0,26.8,40.79,35.74,50.0,40.52
Potato_W,4,30.0,28.33,32.5,33.35,35.0,44.37
Potato_W,5,30.0,32.77,32.5,40.82,35.0,40.82
Potato_W,6,25.0,29.95,30.8,33.3,35.0,41.67
Pumpkin,1,40.0,44.15,49.52,44.15,60.0,67.83
Pumpkin,2,50.0,53.11,63.75,64.22,80.0,80.22
Pumpkin,3,50.0,48.83,55.0,63.82,60.0,63.82
Pumpkin,4,50.0,49.3,55.0,56.72,60.0,63.54
Pumpkin,5,50.0,52.26,55.0,67.96,60.0,67.96
Pumpkin,6,50.0,50.21,55.0,52.67,60.0,60.7
Pumpkin,7,50.0,50.55,55.0,53.7,60.0,56.91
Pumpkin,8,50.0,51.22,55.0,53.49,60.0,59.66
Pumpkin,9,30.0,60.28,54.13,62.38,60.0,85.72
Pumpkin_Green,1,60.0,57.82,65.0,68.69,70.0,82.39
Pumpkin_Green,2,50.0,50.61,66.25,64.23,80.0,108.95
Pumpkin_Green,3,50.0,51.75,69.74,68.72,100.0,85.56
Pumpkin_Green,4,70.0,69.4,86.84,84.35,120.0,138.4
Pumpkin_Green,5,70.0,67.5,80.0,77.38,90.0,86.96
Pumpkin_Green,6,30.0,33.85,57.29,60.25,90.0,90.58
Pumpkin_Green,7,30.0,28.58,45.56,50.99,60.0,71.85
Pumpkin_Green,8,30.0,27.09,60.45,59.95,70.0,70.51
Pumpkin_Green,9,40.0,33.51,52.39,59.05,70.0,87.47
Pumpkin_Leaf,1,30.0,29.9,48.69,54.81,70.0,58.12
Pumpkin_Leaf,2,60.0,45.52,86.88,80.05,100.0,97.05
Pumpkin_Leaf,3,60.0,52.58,71.43,68.08,100.0,97.04
Pumpkin_Leaf,6,60.0,85.26,70.0,104.08,80.0,104.08
Radish_Red,1,100.0,93.74,112.78,137.09,150.0,160.28
Radish_Red,2,80.0,90.88,124.06,125.0,150.0,144.55
Radish_Red,3,100.0,90.34,114.21,114.8,150.0,136.96
Radish_Red,4,100.0,109.24,110.0,121.84,120.0,126.18
Radish_Red,5,80.0,78.05,90.0,83.81,100.0,118.55
Radish_Red,6,60.0,67.28,91.14,88.06,120.0,110.42
Radish_Red,7,60.0,58.98,92.22,92.59,120.0,117.19
Radish_Red,8,80.0,69.39,90.0,87.37,100.0,117.64
Radish_Red,9,80.0,84.99,90.0,88.89,100.0,116.45
Radish_White,1,30.0,28.31,50.83,47.65,70.0,113.98
Radish_White,2,60.0,53.28,91.56,87.62,120.0,146.08
Radish_White,3,60.0,61.77,84.74,85.09,120.0,143.2
Radish_White,4,40.0,51.54,66.84,78.87,90.0,78.87
Radish_White,5,25.0,25.33,30.0,38.12,35.0,54.85
Radish_White,6,20.0,19.39,26.36,29.41,35.0,43.2
Radish_White,8,30.0,44.23,46.48,144.34,70.0,144.34
Radish_White,9,30.0,25.18,42.28,55.75,50.0,111.25
Rajma,1,280.0,210.0,290.0,210.0,300.0,273.46
Rajma,2,200.0,209.74,270.26,272.61,300.0,318.92
Rajma,3,200.0,198.92,218.42,228.98,280.0,281.42
Rajma,4,180.0,157.14,191.59,178.38,250.0,241.41
Rajma,5,100.0,109.57,172.57,168.3,200.0,195.39
Rajma,6,100.0,87.55,147.22,148.03,180.0,183.77
Rajma,7,100.0,101.62,135.83,152.42,150.0,163.94
Red_Grapes,1,260.0,261.55,295.0,395.49,500.0,588.71
Red_Grapes,2,400.0,393.11,450.0,477.17,500.0,509.47
Red_Grapes,3,400.0,411.49,450.0,445.04,500.0,502.09
Red_Grapes,4,300.0,310.61,446.11,414.16,500.0,501.62
Red_Grapes,5,300.0,350.97,442.63,386.43,500.0,471.53
Red_Grapes,6,400.0,349.85,450.0,349.85,500.0,532.91
Red_Grapes,7,400.0,393.85,450.0,393.85,500.0,523.09
Sajiwan,1,200.0,218.99,232.5,270.94,280.0,313.4
Sajiwan,2,250.0,244.47,265.0,278.04,280.0,293.66
Sajiwan,3,250.0,235.58,274.42,267.57,300.0,299.67
Sajiwan,4,250.0,246.55,282.5,271.9,300.0,300.22
Sajiwan,5,250.0,240.32,282.5,274.11,300.0,287.41
Sajiwan,6,200.0,233.04,256.15,277.53,300.0,306.53
Sajiwan,7,200.0,215.07,250.0,253.72,300.0,288.75
Sajiwan,8,250.0,244.19,265.0,278.07,280.0,299.55
Smooth_Gourd,1,20.0,23.15,54.66,50.47,120.0,115.21
Smooth_Gourd,2,100.0,96.09,125.94,115.95,180.0,168.71
Smooth_Gourd,3,100.0,102.72,127.11,132.88,160.0,165.44
Smooth_Gourd,4,130.0,125.56,145.53,136.73,160.0,156.15
Smooth_Gourd,5,130.0,125.89,145.68,145.7,160.0,158.7
Smooth_Gourd,6,100.0,100.58,146.57,141.82,180.0,177.31
Smooth_Gourd,7,100.0,100.62,141.39,146.11,180.0,171.5
Smooth_Gourd,8,80.0,86.08,128.86,132.59,180.0,183.0
Smooth_Gourd,9,40.0,116.19,78.26,116.19,140.0,160.73
Snake_Gourd,1,40.0,41.02,57.15,49.51,80.0,73.76
Snake_Gourd,2,50.0,47.93,62.19,73.6,100.0,100.75
Snake_Gourd,3,50.0,54.6,64.21,71.69,100.0,106.65
Snake_Gourd,4,60.0,54.19,80.0,75.68,100.0,99.31
Soya_Bean_Green,1,180.0,156.58,212.61,209.61,250.0,268.07
Soya_Bean_Green,2,100.0,130.77,143.75,165.39,200.0,225.97
Soya_Bean_Green,3,100.0,100.36,125.0,126.43,150.0,172.51
Spinach_Leaf,1,60.0,69.2,74.65,86.87,140.0,163.45
Spinach_Leaf,2,120.0,105.28,173.75,142.87,200.0,174.01
Spinach_Leaf,3,100.0,101.33,113.68,123.09,200.0,194.2
Spinach_Leaf,4,80.0,79.0,107.89,107.56,120.0,125.16
Spinach_Leaf,5,60.0,56.31,77.5,72.21,100.0,94.63
Spinach_Leaf,6,20.0,27.44,49.57,55.15,70.0,86.6
Spinach_Leaf,7,20.0,29.9,40.56,53.63,60.0,84.36
Spinach_Leaf,8,20.0,19.42,47.5,53.82,60.0,69.27
Spinach_Leaf,9,50.0,34.07,60.87,54.66,80.0,72.46
Sponge_Gourd,1,80.0,96.98,86.12,112.16,100.0,118.4
Sponge_Gourd,2,80.0,65.3,85.0,84.27,90.0,89.85
Sponge_Gourd,4,60.0,89.8,85.53,160.46,100.0,160.46
Squash,1,25.0,37.12,36.32,46.39,60.0,107.62
Squash,2,60.0,55.36,133.75,111.03,200.0,146.66
Squash,3,150.0,164.06,175.0,192.49,200.0,197.39
Squash,4,70.0,78.79,86.0,98.44,120.0,143.83
Squash,5,70.0,71.86,80.0,77.21,90.0,103.51
Squash,6,20.0,27.55,53.5,59.9,90.0,85.21
Squash,7,20.0,30.35,38.19,43.47,60.0,65.56
Squash,8,20.0,18.82,60.91,59.84,80.0,71.34
Squash,9,25.0,26.71,37.93,63.18,70.0,91.54
Strawberry,1,700.0,303.18,700.0,409.26,700.0,409.26
Strawberry,2,500.0,424.44,589.71,661.0,700.0,661.0
Strawberry,3,500.0,456.06,550.0,612.57,600.0,612.57
Strawberry,4,500.0,458.45,550.0,612.57,600.0,612.57
Strawberry,5,500.0,458.45,550.0,639.64,600.0,639.64
Sugarcane,1,160.0,203.04,350.07,339.38,220.0,339.38
Sugarcane,2,160.0,201.7,1645.0,1044.3,170.0,1044.3
Sugarcane,3,160.0,172.37,1645.0,1357.12,170.0,1357.12
Sugarcane,4,160.0,151.89,1645.0,1369.43,170.0,1369.43
Sugarcane,5,160.0,160.14,1645.0,1363.17,170.0,1363.17
Sugarcane,6,160.0,172.32,1645.0,1370.06,170.0,1370.06
Sugarcane,7,160.0,160.55,1645.0,1370.06,170.0,1370.06
Sugarcane,8,160.0,161.64,1645.0,1286.52,170.0,1286.52
Sugarcane,9,160.0,168.95,1645.0,1279.63,170.0,1279.63
Sweet_Pepper,1,80.0,86.07,139.17,157.48,200.0,191.49
Sweet_Pepper,2,130.0,137.69,157.5,170.59,250.0,232.99
Sweet_Pepper,3,130.0,144.39,174.47,178.54,230.0,219.5
Sweet_Pepper,4,130.0,126.28,147.89,155.14,180.0,162.64
Sweet_Pepper,5,100.0,100.84,132.05,133.64,150.0,149.84
Sweet_Pepper,6,100.0,98.81,115.0,113.85,130.0,129.77
Sweet_Pepper,7,100.0,99.81,115.0,122.81,130.0,136.62
Sweet_Pepper,8,100.0,100.32,120.68,117.08,150.0,150.16
Sweet_Pepper,9,100.0,108.86,124.78,112.24,150.0,154.38
Sweet_Potato,1,100.0,100.86,117.37,143.27,140.0,143.27
Sweet_Potato,2,100.0,95.95,110.0,109.89,120.0,125.24
Sweet_Potato,3,100.0,99.33,110.0,116.35,120.0,122.87
Sweet_Potato,4,100.0,91.32,103.71,101.4,120.0,110.26
Sweet_Potato,5,100.0,100.02,110.0,110.89,120.0,118.07
Sweet_Potato,6,100.0,95.85,110.0,107.27,120.0,127.08
Sweet_Potato,7,25.0,69.25,30.0,69.32,35.0,81.92
Sword_Bean,1,130.0,135.42,145.0,143.56,160.0,184.9
Sword_Bean,2,100.0,103.72,132.73,137.27,160.0,157.8
Sword_Bean,3,100.0,104.76,134.29,136.11,150.0,153.79
Sword_Bean,4,130.0,125.99,140.0,141.99,150.0,159.16
Sword_Bean,5,60.0,75.48,107.27,116.91,150.0,151.14
Sword_Bean,6,140.0,118.99,150.0,134.49,160.0,154.76
Tomato_Big,1,50.0,80.68,59.0,101.22,70.0,142.01
Tomato_Big,2,65.0,73.07,84.06,86.17,110.0,96.27
Tomato_Big,3,50.0,48.36,67.63,68.79,80.0,89.6
Tomato_Big,4,60.0,48.09,65.0,65.67,70.0,78.61
Tomato_Big,5,60.0,52.25,75.68,69.06,100.0,87.29
Tomato_Big,6,60.0,48.69,68.7,62.23,80.0,82.26
Tomato_Small,1,34.0,40.83,69.65,62.4,104.0,97.08
Tomato_Small,2,57.0,66.7,83.18,99.98,113.0,137.02
Tomato_Small,3,35.0,38.57,61.97,69.21,96.0,97.82
Tomato_Small,4,57.0,41.67,91.55,75.5,122.0,125.44
Tomato_Small,5,70.0,60.9,98.36,80.75,130.0,120.98
Tomato_Small,6,35.0,37.87,54.01,64.74,104.0,110.67
Tomato_Small,7,35.0,33.43,51.14,53.44,78.0,85.58
Tomato_Small,8,26.0,26.41,68.5,56.48,130.0,108.9
Tomato_Small,9,26.0,37.47,69.39,75.66,117.0,130.76
Turnip,1,100.0,125.14,110.0,125.14,120.0,166.23
Turnip,2,100.0,112.45,110.0,113.3,120.0,123.08
Turnip,3,100.0,99.22,110.0,111.37,120.0,133.56
Turnip,4,100.0,102.73,110.0,109.97,120.0,123.16
Turnip,5,100.0,95.93,110.0,111.65,120.0,133.85
Turnip,6,100.0,99.26,110.0,111.57,120.0,129.65
Turnip,7,100.0,100.22,110.0,112.94,120.0,127.78
Turnip,8,100.0,101.69,110.0,110.75,120.0,124.26
Watermelon,1,30.0,37.72,58.47,63.55,80.0,93.8
Watermelon,2,70.0,80.58,75.0,80.58,80.0,91.53
Watermelon,3,60.0,58.78,72.37,69.55,80.0,81.66
Watermelon,4,60.0,64.95,67.11,66.77,80.0,74.51
Watermelon,5,70.0,68.03,75.0,73.84,80.0,87.18
Watermelon,6,70.0,65.14,75.0,68.79,80.0,76.89
Watermelon,7,70.0,62.67,75.0,68.91,80.0,78.31
Watermelon,8,40.0,47.71,53.18,58.25,80.0,91.75
Watermelon,9,35.0,48.62,41.63,69.31,50.0,125.08
Yam,6,100.0,114.5,110.0,164.74,120.0,164.74
Yam,7,100.0,96.47,110.0,128.29,120.0,146.77
