Feature,Importance
price_spread,624.0
price_spread_ratio,415.3333333333333
Avg_Price_lag1,276.3333333333333
Volume,235.33333333333334
Avg_Price_roll3_mean,216.33333333333334
Max_Price_lag1,183.0
TOTAL_sources_lag1,152.66666666666666
TOTAL_sources,152.0
Max_Price_roll3_mean,149.33333333333334
Volume_lag1,143.0
Min_Price_roll3_mean,133.0
Local,124.0
Avg_Price_roll3_std,121.33333333333333
Min_Price_lag1,115.66666666666667
sin_month,115.33333333333333
import_share,103.0
Narayangadh,97.33333333333333
volume_change_ratio,97.0
Avg_Price_lag2,87.0
India,75.0
Max_Price_roll3_std,62.0
Min_Price_roll3_std,59.0
total_imports,52.666666666666664
Kathmandu,51.0
cos_month,45.666666666666664
n_months_present,41.666666666666664
Min_Price_lag2,39.333333333333336
Max_Price_lag2,36.0
import_ratio,31.666666666666668
Dhading,30.333333333333332
Birgunj,27.0
China,18.666666666666668
Tanahu,18.0
Hetauda,15.666666666666666
Gorkha,13.0
ktm_supply_share,11.333333333333334
is_balanced,2.3333333333333335
Palpa,0.0
Nuwakot,0.0
Nawalparasi,0.0
Lamjung,0.0
Kevray,0.0
Lahan,0.0
Jhapa,0.0
reconciliation_gap,0.0
Bhutan,0.0
Beni,0.0
Bara,0.0
Dang,0.0
unit_changed,0.0
Volume_Equals,0.0
Baglung,0.0
Myagdi,0.0
Mugu,0.0
Mustang,0.0
Marpha,0.0
Syangja,0.0
Parbat,0.0
Rolpa,0.0
Rukum,0.0
Rupandehi,0.0
Salyan,0.0
Sarlahi,0.0
Sindhuli,0.0
Sunsari,0.0
