Product_Name,Category,Last_Observed_Month_Idx,Last_Observed_Month_Name,n_months_present,is_balanced,Forecast_Month_Idx,Baseline_Min_Price,Baseline_Avg_Price,Baseline_Max_Price,RF_Predicted_Min_Price,RF_Predicted_Avg_Price,RF_Predicted_Max_Price,LightGBM_Predicted_Min_Price,LightGBM_Predicted_Avg_Price,LightGBM_Predicted_Max_Price
Akabary_Chilly,vegetable,10,baishakh,5,False,11,300.0,439.77,500.0,297.25,368.74,426.65,300.05,345.63,370.27
Amala,fruit,10,baishakh,9,False,11,80.0,135.0,150.0,117.03,128.52,145.39,130.6,143.33,148.74
Apple,fruit,10,baishakh,10,True,11,225.0,255.0,330.0,222.9,268.71,343.99,243.14,275.29,336.46
Apple_Fuji,fruit,10,baishakh,7,False,11,270.0,300.0,330.0,287.61,312.78,350.15,316.11,343.64,348.74
Arum,vegetable,10,baishakh,10,True,11,60.0,69.09,80.0,66.33,75.87,88.83,55.63,65.07,93.1
Avocado,fruit,10,baishakh,10,True,11,300.0,721.43,1000.0,352.89,419.2,465.6,360.42,414.7,494.48
Bakula,vegetable,10,baishakh,4,False,11,80.0,100.91,120.0,94.92,112.36,135.7,87.67,109.46,122.63
Bambooshoot,vegetable,10,baishakh,7,False,11,60.0,65.0,70.0,59.12,68.68,75.04,59.75,70.98,83.7
Banana,fruit,10,baishakh,7,False,11,100.0,130.45,150.0,104.29,127.06,148.05,113.6,142.01,192.73
Banana_Green,fruit,10,baishakh,10,True,11,180.0,194.91,230.0,120.96,155.47,202.09,137.08,164.53,188.16
Barela,vegetable,10,baishakh,9,False,11,80.0,99.55,120.0,79.8,101.16,121.02,81.3,104.9,128.18
Bayar,fruit,10,baishakh,7,False,11,100.0,110.0,120.0,90.88,104.25,110.72,90.59,102.91,109.77
Beat_Chukunder,vegetable,10,baishakh,10,True,11,80.0,100.0,120.0,82.41,100.94,120.86,78.97,96.67,122.96
Bitter_Gourd,vegetable,10,baishakh,10,True,11,130.0,172.5,220.0,85.68,122.77,163.92,66.66,103.39,167.77
Bottle_Gourd,vegetable,10,baishakh,10,True,11,80.0,102.73,120.0,68.49,96.56,125.74,55.32,70.9,111.41
Brinjal_Gland,vegetable,7,magh,4,False,8,80.0,107.89,120.0,75.15,93.39,105.65,83.11,90.61,97.53
Brinjal_Long,vegetable,10,baishakh,10,True,11,80.0,90.0,100.0,72.33,92.97,108.09,64.14,82.67,111.22
Broad_Leaf_Mustard,vegetable,10,baishakh,10,True,11,40.0,101.36,120.0,55.7,85.6,107.15,50.26,71.96,104.26
Broccoli,vegetable,10,baishakh,9,False,11,50.0,113.86,200.0,79.78,109.51,137.82,64.48,100.57,123.29
Cabbage,vegetable,10,baishakh,10,True,11,25.0,37.73,60.0,42.65,60.5,85.0,28.56,43.77,71.33
Cabbage_Red,vegetable,10,baishakh,10,True,11,60.0,90.23,200.0,101.17,121.9,198.71,72.55,96.4,124.72
Carrot,vegetable,10,baishakh,10,True,11,30.0,45.91,60.0,42.57,66.15,83.38,28.47,43.24,63.16
Cauliflower_Hill,vegetable,10,baishakh,10,True,11,15.0,78.86,120.0,45.76,73.19,97.33,42.7,76.21,105.69
Chilly_Green,vegetable,10,baishakh,10,True,11,130.0,174.32,220.0,94.57,123.86,171.16,76.01,119.0,167.4
Christophine,vegetable,10,baishakh,10,True,11,60.0,65.0,70.0,60.25,73.84,80.31,54.24,64.09,84.18
Coconut,fruit,10,baishakh,10,True,11,150.0,155.0,160.0,149.86,158.21,165.61,167.15,174.16,181.69
Coriander_Green,vegetable,10,baishakh,10,True,11,30.0,102.05,250.0,88.74,145.0,202.58,81.46,198.08,315.63
Cow_Pea,vegetable,10,baishakh,10,True,11,130.0,166.67,200.0,86.06,123.97,155.55,75.64,96.39,146.83
Cress_Leaf,vegetable,10,baishakh,9,False,11,,47.5,,126.52,145.81,174.42,121.75,136.3,161.49
Cucumber,vegetable,10,baishakh,10,True,11,40.0,71.82,100.0,49.6,84.72,124.91,31.42,65.37,111.71
Dragon_Fruits,fruit,10,baishakh,10,True,11,300.0,325.0,350.0,271.03,329.13,381.24,290.99,370.67,411.97
Fenugreek_Leaf,vegetable,10,baishakh,8,False,11,,47.5,,124.29,145.83,171.09,121.47,135.47,158.85
French_Bean,vegetable,10,baishakh,10,True,11,60.0,117.95,150.0,67.39,100.63,143.4,53.71,89.56,143.03
Garlic_Dry,vegetable,10,baishakh,8,False,11,,135.0,,145.37,149.41,170.44,125.11,140.36,155.39
Garlic_Green,vegetable,10,baishakh,10,True,11,60.0,70.0,80.0,74.41,84.53,118.63,66.36,66.36,81.97
Ginger,vegetable,10,baishakh,10,True,11,80.0,103.18,120.0,81.01,108.2,132.13,79.45,123.83,164.88
Grapes,fruit,10,baishakh,10,True,11,,230.0,,165.96,188.75,245.1,186.6,196.51,237.23
Green_Peas,vegetable,10,baishakh,9,False,11,50.0,96.36,130.0,70.88,95.46,112.73,74.23,95.07,110.35
Green_Ve,vegetable,10,baishakh,9,False,11,,47.5,,92.64,119.11,123.73,97.57,108.64,108.64
Guava,fruit,10,baishakh,10,True,11,100.0,163.18,200.0,125.07,145.42,170.15,137.61,157.67,180.97
Gundruk,vegetable,10,baishakh,9,False,11,300.0,300.0,300.0,295.92,309.27,329.71,310.17,313.34,322.59
Haluwabed,fruit,10,baishakh,8,False,11,300.0,300.0,300.0,268.37,296.62,323.84,303.67,311.84,314.18
Jack_Fruit,fruit,10,baishakh,7,False,11,,110.0,,92.79,119.58,137.97,84.8,92.85,92.98
Khasa_Garlic_Dry,vegetable,10,baishakh,10,True,11,250.0,275.0,300.0,231.82,288.46,343.79,236.56,278.47,323.4
Kiwi,fruit,10,baishakh,10,True,11,250.0,336.36,400.0,282.52,327.14,384.41,342.44,342.44,404.23
Kurilo,vegetable,9,chaitra,8,False,10,400.0,450.0,500.0,393.89,458.79,523.75,377.62,430.03,482.42
Lemon,fruit,10,baishakh,10,True,11,260.0,309.32,350.0,225.01,273.42,332.91,247.35,301.28,364.89
Malta,fruit,10,baishakh,10,True,11,230.0,240.0,250.0,224.98,254.68,292.15,269.87,273.68,273.68
Mango,fruit,10,baishakh,10,True,11,350.0,375.0,400.0,260.9,321.33,353.7,295.04,341.19,382.79
Mango_Green,fruit,10,baishakh,1,False,11,,,,145.11,167.23,190.76,147.27,176.46,199.98
Mombin,fruit,7,magh,6,False,8,100.0,100.0,100.0,106.94,108.2,116.75,121.1,126.54,139.71
Mushroom,vegetable,10,baishakh,10,True,11,140.0,205.23,250.0,116.72,158.42,194.19,119.53,163.37,223.89
Okara,vegetable,10,baishakh,10,True,11,120.0,143.86,180.0,80.1,117.35,158.78,61.98,95.53,154.44
Onion_Dry,vegetable,10,baishakh,10,True,11,30.0,39.05,60.0,40.97,49.23,61.54,37.08,40.16,44.22
Onion_Green,vegetable,10,baishakh,10,True,11,30.0,47.27,60.0,56.43,74.04,101.33,35.18,55.01,67.94
Orange,fruit,10,baishakh,10,True,11,140.0,164.55,220.0,160.5,192.31,237.79,193.24,263.66,330.69
Orange_Sweet,fruit,10,baishakh,10,True,11,100.0,110.0,120.0,94.71,106.2,113.69,95.59,105.93,113.94
Papaya,fruit,10,baishakh,10,True,11,,95.0,,92.09,113.98,132.93,106.3,114.83,120.66
Peanuts,fruit,7,magh,2,False,8,,210.0,,170.51,196.42,212.18,188.7,198.22,198.22
Pear,fruit,10,baishakh,9,False,11,200.0,205.0,210.0,190.09,197.86,223.2,197.49,207.4,219.21
Pear_China,fruit,5,mangsir,3,False,6,200.0,205.0,210.0,191.91,203.43,214.45,194.42,196.17,210.87
Pine_Apple,fruit,10,baishakh,10,True,11,130.0,165.91,200.0,138.8,164.75,187.63,157.96,189.18,210.76
Pointed_Gourd,vegetable,10,baishakh,9,False,11,100.0,151.67,200.0,115.62,133.48,176.59,103.64,133.82,163.41
Pomegranate,fruit,10,baishakh,10,True,11,300.0,325.0,350.0,282.64,335.15,373.13,301.77,374.89,417.02
Potato,vegetable,6,poush,1,False,7,,,,98.53,123.43,151.81,96.93,135.09,164.63
Potato_Blue,vegetable,9,chaitra,6,False,10,40.0,45.0,50.0,44.48,51.7,59.52,41.47,42.79,51.96
Potato_R,vegetable,10,baishakh,9,False,11,30.0,33.3,40.0,39.98,50.12,57.16,24.21,35.51,42.66
Potato_W,vegetable,9,chaitra,7,False,10,30.0,32.5,35.0,42.2,47.55,58.7,47.21,47.21,47.21
Pumpkin,vegetable,10,baishakh,10,True,11,50.0,55.0,60.0,56.01,69.38,73.14,53.58,64.66,82.08
Pumpkin_Green,vegetable,10,baishakh,10,True,11,30.0,60.45,70.0,53.35,73.06,84.66,40.89,55.01,69.82
Pumpkin_Leaf,vegetable,10,baishakh,7,False,11,,75.0,,89.72,103.2,122.85,74.18,74.18,96.36
Radish_Red,vegetable,10,baishakh,10,True,11,80.0,90.0,100.0,72.23,89.52,103.73,80.1,98.9,127.26
Radish_White,vegetable,10,baishakh,10,True,11,30.0,46.48,70.0,48.42,72.05,94.69,30.27,41.97,60.12
Rajma,vegetable,10,baishakh,9,False,11,100.0,135.83,150.0,117.33,131.32,168.41,128.54,149.21,171.36
Red_Grapes,fruit,10,baishakh,8,False,11,400.0,450.0,500.0,373.97,443.5,490.67,376.47,425.9,472.24
Sajiwan,vegetable,10,baishakh,9,False,11,200.0,256.15,300.0,210.66,252.78,308.92,218.67,242.84,309.57
Sarifa,fruit,6,poush,4,False,7,,250.0,,199.16,246.12,293.17,200.73,211.39,251.24
Smooth_Gourd,vegetable,10,baishakh,10,True,11,80.0,128.86,180.0,77.36,111.78,155.71,60.54,92.7,150.69
Snake_Gourd,vegetable,10,baishakh,9,False,11,,95.0,,98.02,125.93,144.2,109.3,121.32,121.32
Soya_Bean_Green,vegetable,4,kartik,4,False,5,100.0,143.75,200.0,129.94,167.87,198.15,109.74,146.4,183.26
Spinach_Leaf,vegetable,10,baishakh,10,True,11,20.0,47.5,60.0,64.76,76.59,89.25,43.67,62.51,77.4
Sponge_Gourd,vegetable,9,chaitra,5,False,10,60.0,85.53,100.0,102.45,105.62,114.78,118.21,128.02,148.39
Squash,vegetable,10,baishakh,10,True,11,20.0,60.91,80.0,51.44,75.33,99.57,33.12,49.72,82.99
Strawberry,fruit,10,baishakh,6,False,11,500.0,550.0,600.0,413.81,482.01,538.86,380.32,435.58,500.04
Sugarcane,fruit,10,baishakh,10,True,11,160.0,165.0,170.0,162.21,167.21,183.22,162.18,177.45,189.86
Sweet_Pepper,vegetable,10,baishakh,10,True,11,100.0,120.68,150.0,97.96,119.51,139.94,96.98,122.24,145.61
Sweet_Potato,vegetable,10,baishakh,8,False,11,100.0,110.0,120.0,94.49,108.29,123.61,72.33,80.97,87.23
Sword_Bean,vegetable,10,baishakh,7,False,11,60.0,107.27,150.0,95.04,116.06,146.21,96.41,127.68,145.69
Tomato,vegetable,3,ashwin,1,False,4,,,,89.9,122.74,146.07,107.89,132.35,160.08
Tomato_Big,vegetable,10,baishakh,7,False,11,60.0,75.68,100.0,58.94,76.53,90.71,59.51,68.88,84.05
Tomato_Small,vegetable,10,baishakh,10,True,11,26.0,68.5,130.0,50.6,74.44,119.32,35.72,61.53,104.97
Turnip,vegetable,10,baishakh,9,False,11,100.0,110.0,120.0,95.89,106.96,114.89,96.0,105.93,114.38
Walnut,fruit,3,ashwin,1,False,4,,,,184.64,222.74,264.01,189.18,220.72,251.69
Watermelon,fruit,10,baishakh,10,True,11,40.0,53.18,80.0,46.7,59.46,72.65,31.77,43.17,48.23
Yam,vegetable,10,baishakh,8,False,11,100.0,110.0,120.0,94.7,114.08,129.32,95.59,110.77,136.12
